{
  "obs_source": "synthetic",
  "N_EPISODES": 20,
  "N_STEPS": 150,
  "SIGMAS": [
    0,
    5,
    10,
    20
  ],
  "BASE_SEED": 20250417,
  "FOV_HALF": 0.20710678118654752,
  "METERS_PER_PIXEL": 0.0016180217280199025,
  "R_ANGLE": 0.0005,
  "SIGMA_FLOOR_PX_REAL": 1.0,
  "Q_EKF": [
    1e-07,
    1e-07,
    1e-06,
    0.0001,
    0.0001,
    0.001
  ],
  "Q_XI": [
    2e-06,
    2e-06,
    2e-05
  ],
  "Q_V": [
    0.001,
    0.001,
    0.01
  ]
}